"HolderAddress","Balance","PendingBalanceUpdate"
"0x6996f78b690c6a84a1d0b075e3ba42a386a54d32","60029548.7633458","No"
"0x6492d357e2ab24c6db8b412a58145d6bac2aab32","35034441.234836","No"
"0x181db5c7693233c2c0aab56aa0867207b59001f7","26826135.4715229","No"
"0xce84f132d32b14153d69f643842acc82a757e8ea","20633554.0310953","No"
"0x43e65407d1000f225399692e45412058812e00d4","14351556.8777643","No"
"0x852a6b8f82d0aa55bac2628652b9ba7f18088c90","11617701.0372976","No"
"0xc7c1fbd1115710edfbec1c6fe57b825133ab41ee","1000000","No"
"0xe16e4a1e007a2391491ed0c4f373d1de551ea7a6","10263630.2560573","No"
"0x33a1d6e1b9894407e74dc4f950c5572dcda9b969","13355581.0572188","No"
"0x4b04213c2774f77e60702880654206b116d00508","8412414","No"
"0x9984a41acef46a13639cfab6120467fd5c68320f","8301535.03755323","No"
"0xef2fff6938fceb88f778ef7373a0135ae0421006","8012419.31410328","No"
"0xae21b7cc55865e0ac521245aef58545bcc7b0301","6285886","No"
"0xa9e3d073ab02f9b42284dec0f2cb6d67411cfb58","5672362.93436575","No"
"0xce8c8141bb0575ac14a2af40114fd65e50caa713","6183720.35552227","No"
"0xe65637635d3081763aa98d1049759b14eeb021af","6404450.75786887","No"
"0xe6fa1451903e584dacbf3f0bc928ad0cfce7003d","4566872.81119393","No"
"0x352448c72fb00d2362a57e037df9e75803ce7100","3566281.74791723","No"
"0x9fcb284a4f1234d3006c2b10918add717700aa5a","3147649.029642","No"
"0x60462f19e589681066311bfd7faa53dfa3f5b670","2890421","No"
"0x9741d06c45866f7e525f27e7d56e1b45764315be","2843538.73737371","No"
"0x868663c1f2e225f35485f47460f655952dd3b9cb","3236851.82330014","No"
"0x747fe01b5b28028b956600365e2832abf6d36b8c","2633221.84685433","No"
"0x9495b36d3b3009b6881667bbbb9dd7c4bb9cbf98","2589653.52786307","No"
"0xb44d8a64e83ae5ecf38bf96d08678e622633a8a6","2277416.97825534","No"
"0x4c4d3126c74dcbe5943bcee055a7425b88801f92","1820688.80189968","No"
"0x33a219a0922c9f8f0bb9698ab056acc650ecaf2d","2142069","No"
"0x182250b909ceeb6af8b18235e1b6700cdd444243","2077382.95","No"
"0x40ce5fceeeba45dc9b11123e90534cd9ca39174b","1803002","No"
"0x0e0f60155b94d29454d8eca95e623824a806ae95","4888956.49588398","No"
"0x2884fbee11d1d80c222da91633adee594ed440bb","1737309.04690048","No"
"0xde8db815ed1745fc76065811f0b1cfe792287910","1730000","No"
"0x419d632aea6ac23b8c892ce5e85fbb1ea1fca006","2804275.8006999","No"
"0x8af2ede531561e963153d55cadf596f86630cf32","9370237.44312437","No"
"0x6b2290691db47d2a566b8a9239b2257ae2958557","1604006.81634209","No"
"0x066a6d331d92497cd1875076dd6c0fbd1d912123","1602226.41342512","No"
"0x161e60afeaeb76b739ec4e21de1762ade7976e74","1568502.0626829","No"
"0x882f3d143272a2ec0143a3c80ce1928efcf66645","12136895.5804184","No"
"0x3c81819ad806387924ac74499e623ae0d91aea83","1544885.51612821","No"
"0x07ab9368722d6b9390d5eb4ed978ac3d856fb617","1522367.43717686","No"
"0x3093cf145cb375d8656a998466b4eab5c3f0a5ef","2678038.7542864","No"
"0x8575e59dacef47e763ab2a1dd6d39816ec553597","1475641.33843548","No"
"0x489171f4d099bec1e3c1e040e1d594c8448a50d1","1470005","No"
"0x5e9a1b485c2b8b1deb5475cf7856857222016780","1413123.8","No"
"0x44658349331cb9f613b2c20ba0660e33b556942d","904334.53189702","No"
"0x80611d6c1eafb0021a62cb0275b24cc38e8285a1","1402942.19746871","No"
"0x04d997e7d8004f4208e36771f3e3d662f2b812a9","1402834.96096794","No"
"0x84596aee8e3ddedfd60c663eef6d5e8b456683e9","1402070.8","No"
"0x26ab760f73d39c0b7b60b9303b5b897897a42dd6","1402069.9","No"
"0x7cf957174fda8fecb811c906fc612d2bbfd40b8e","1402069","No"
"0x711978880ede4befd881f134ac44ca8be2fd8363","1399891.07985055","No"
"0xe753d3f5dcaeba63843bcd3c5ff39c03ddb8b487","1392069","No"
"0x2132abf6955fefa6f056e86f9c0bee8a0e96efa7","1387201.82961874","No"
"0x99565d11921e01c7c01f3e662c8473695bbbc31c","1376724.87934258","No"
"0x3205f809b51b436d1c9fba62dc9a35bf4b406022","1376635.85313389","No"
"0x43fde06d7d77ae8fc8cc41003c4030adfe414267","1353151.27589371","No"
"0x93c6b46a1c34f99003f96ce0916d19a950729e4d","1227942.89135999","No"
"0x5bd819bbf63ffd7170eebe103738b580321fde95","1204561.09892227","No"
"0x274c2871985bc502d5366f8cb30963f344ad498f","1366598.87997464","No"
"0x26cd4e256b23269266d10e708cb7ad386d7e125d","1000000","No"
"0x9a6d314dcd66567c506b0c20f6697f36f5c3a459","1032349.39019739","No"
"0x1d44971999aacc9852491c15cfb0e65e31d479a7","1026044","No"
"0x7664dfb32c46680f2a9025f6fe6b1a55b619de09","1000010.84","No"
"0x3f0a616269048082b5ee5a3830fd5122dd2b1bd5","923958.845192059","No"
"0x572ad2e517cbc0e7ea60948dff099fafde9d8022","899999","No"
"0x7f23d313f6ece3f0bc7c21943895b32f07845ec9","860000","No"
"0x347d248a3465fe9fd6bb5fcdb471baf8859f01a5","853229.4","No"
"0x40c7c2ec20bafb1bc8db2303ef653c4d607fc8e3","841241.4","No"
"0x95b2f919b70cf9fb64254bd159d1341a61d9177e","806701.769176649","No"
"0x77a2ed62c489a5869c79ec8d3449ee53a24e63a3","909102.868169979","No"
"0xcfda314414c49d0fbf1ffc3acdcce56db5556e7e","2355689","No"
"0x48f2602701b1610649ef375ee6f192f55af12b28","746535.320235387","No"
"0xb1597371ccd028a354eb1a6d49ce16dfa5b80ec6","729982.063290412","No"
"0xe58649d025af8b3089c6dbd5b320b1c0a226bcd7","722139.59","No"
"0x20dae9c28b07d5d18a09d9edbcc75033bee4ace7","1171014.45490048","No"
"0x7882d1dbd581a8400f02867b8ffd37ba80d33319","649303.145437525","No"
"0x234eb6474dcad8e055e6bbec4dd96a4ee01b1320","635516.575648694","No"
"0x994dc87b34bd4acb63afa71bef7b3ffc6b6d2d05","830000","No"
"0xa333f9481952108b97df47255881b23a99f911fa","561540.015719675","No"
"0xca916015ea82a9dfa9186df374de7281942051f1","488273.852725734","No"
"0xa4990402935d09fa93f14a3d4a5b1216770e0aa1","468837","No"
"0x53b2e7d8a637d53cf929d183e32dfa1ee3074605","468084.659740358","No"
"0x7834fbe91236d7fe3fa461430ff48187e9309ae8","2059038.98622183","No"
"0x8af0b2b4e061a0c6d0367cda52c90ba6c50ba88d","367000","No"
"0x2cf5d33c63c648c27277b2cccbea6b62f7029d00","366414.89006658","No"
"0x9259230a37b6866e13cfe8cf36695e3d6c634102","537111.94","No"
"0xb887b60ebe18a258d79dbc91ded0955321c90e6a","331512.945939877","No"
"0x4d6840f32a035af2aceb34142f7e42a5baef6ae9","650883.122560569","No"
"0xdcc1b1942da8664c950c673557f989a3f30ab90b","326974.344727617","No"
"0x1fc67028575f4a02c5917c4e4e3e3554c0d165a5","292000","No"
"0xbb45c516cee749f6f0b76232cf37e7ba1f335a7e","922006.32012962","No"
"0x23ab181a689555ff82b45f5ec303ec675ec47895","286225.123404467","No"
"0x7e31e817a4a1d92e0cba620ee1f0d526ae676bfb","277869.683868397","No"
"0x74aaf94052b108a105c686966b14a06033064b57","273385.06015383","No"
"0x8de760c77f589cb793876d1d2f04c246166cec62","270000","No"
"0x743542f47552f0caaf68266d60d02790f828c359","268896.950602887","No"
"0xa0b90a525d69ae08ef2db832a3aa396c93018f29","160000","No"
"0x012e5832130e4b85ec5ccac88fb6d8f0b20a30de","260000","No"
"0xedd487ce10fb9e3855bc82b1777f84dd83ee393d","256000","No"
"0x3604870b3ba7354c73d2abab49be5f5ab09ef1bd","252544.623629748","No"
"0x90ea0a7b19557566b6169008d07d4f217cb0f7a8","242787.554509032","No"
"0x968f65cabed72a5eda1c0e14086b3c283a504694","228544.962503836","No"
"0x3e97e9190ae168246dca733933e7ec156c013d5c","224302.699440425","No"
"0x5bbded8193b87d29b9f3842fa072ac97dcd97c97","219896.442709607","No"
"0xdead4b415dc2d4a9ed281b463f6c721de98473d0","196289.66","No"
"0xb72315d6a361dc763eed1aec0989a555c398979d","193505.747404561","No"
"0x388b39b23e3d99110ac214e74ada98aa8b5185ca","190819.213678294","No"
"0x18192ac091368ec827882fa8ed1fdca651e0e329","189472.393103505","No"
"0x5bbf2c4b0ab7bd6d44ffee9ed39f6b70bc4c7ccf","175472.94542311","No"
"0xbc5f0fab0f498ac5f1ccc9fd2fa694b904a1f8d9","164765.18","No"
"0x2aed76404cc871166cfcf05fc4131b0ae5f16b7f","162471.566440685","No"
"0x327452ffca873abb1034bd0f99644754a94b65eb","161076.103949804","No"
"0x3c4143bd700b4d3e85bdc8b9a94b49247d2208f8","159375.805516982","No"
"0x3d32908a309014845939282533f8286d28ce8480","155818.961022037","No"
"0x1901823deab0507bd160f3222a0833754775f28e","150623.276885422","No"
"0xd2de949f74cdd2327e320011df238cecd21d22b1","150366.658685846","No"
"0xb815fb04346f629be9a2f01bc25a74f97f4e2cb6","185507.593831861","No"
"0x4bbb4ed84b0142bbe25ab67374ad5372cad29662","140206.9","No"
"0xa8e68c04a837a0483bbc13ed2f06c798d83c10db","140206.9","No"
"0xfe080ac468d327bb9b7e9b7394bc90bff5c65965","138041.164047919","No"
"0xf04c59f9727804b8ef3c2487983b26c51d538023","137250.32","No"
"0x4950993f9649cd8b114e305234d1d9a5a3140bdf","135567.617635892","No"
"0x6c725a597a8195680399ce65f1cabcad8797098c","133328.495952381","No"
"0xd3f76cc7db054d0e67902b63bf8add4694fec66a","131237.600252537","No"
"0xcf75aefefbde0c42294dc08280575da8805d311a","128618.85617137","No"
"0x99e12ce44c7ee7ce4c11bfb62f06f7bd0ffada12","125009","No"
"0x17ca9953fb57ed8ebe2fa5288ae1ebdb68fa793f","121480.380085261","No"
"0xa1118c8baa556d2460d7ae2659e10c042ab0f94c","114000","No"
"0x5090efc5cba3ea60a824048212b0eb07cd3f660d","113400","No"
"0x8a30e6a15d03bb299adc63f4b56fcdd24f0a1877","106876","No"
"0xcaaba417b0ed18d79ad6a757e35da99606abea90","103599.869259339","No"
"0x377b703616ab471b38572e80ec50e61c26fe5148","100452.251474078","No"
"0xe0e6dcfc68cc8a3c756d4829096af6c7f8b6da85","100400","No"
"0xf5ee85af92d3c3dfd1d7626dbfa26f5715e90c49","100000","No"
"0x2c8543c5b12f5a4a4bdfca6595bcfe801915e888","804046.116991766","No"
"0x7b8d022f14f36e2eed98ad604c62f1e8d0d4e6a8","92771.6505562848","No"
"0xb017c481575318017dc2122b59759b25d21f6721","432187.191614605","No"
"0x8c3e7cec822ddd1900541afdb21e705245d3edeb","87838.2094007471","No"
"0x558f61c7809d00cd25d697375f30ce4a32133160","87314.9441587827","No"
"0x4d2c4ca066424db13f3714bf518604dcb1008ddb","84510.3400264064","No"
"0x06095fc6292bfb7999cec86f93ef9234f6d4acb2","82671.1490090025","No"
"0x3b067cea0a07269b0a0e1f00c0f87ef28446bd08","80091.547251065","No"
"0xe4f7cbc3185f020e75c7e9ad904bf377f5876109","73463.3241302976","No"
"0x3c9eb95456c27fe768621bc5439f41ec07e45222","72292.2640879061","No"
"0xf0fb899fed0b608372cfc9023331b10244b9e309","71000","No"
"0x57b90d8c9301ccf8a833c29ad0fcec7f21e5fabe","70000","No"
"0xeb1051b523bb017ff98076dfb632b1129ae3d8e7","68776.9481948137","No"
"0x65ec51a20e025fdd032dfb0563e59e09658ddabf","65404.0295252905","No"
"0x9259e7d170b2b4078d1e3d018511ad30c1739c7d","65003.4809896758","No"
"0xe3cd867cc3bee1dc59f43aafddbf593e4d64347d","63097","No"
"0xc3430b4102b46eb880ea55ad4042c1a6eb63645e","62021.3125677901","No"
"0x6b1179a243b09405a4ed6ba2303a0095e4126363","61211.1102486766","No"
"0x906a88dbfd44b9c24f2259c74239eb508108cb36","61108.9071092887","No"
"0x31eb766b4cc912562e8f8222cd2261a1f0e214ec","70660.6919182194","No"
"0x8768336995eccee07a55631554c674862b004191","60000","No"
"0x446a631006fbe0b44f38aa95589a133276c1e15f","59470.5011957182","No"
"0xcfb18deb6f8b32709295baf9494cb01982b33c42","58599.9","No"
"0x5f02dcbe20f2bec3e1d1b86265948bb4dd341b01","58121.9748109739","No"
"0x0797b695ebb31f6b7824fb450fbb86736bf39bdf","57444.7440310047","No"
"0x8e78b21d3c0df931ec36a79789d30eab6399d845","56348.688973208","No"
"0x4ecc5ff52e7088882d1d19a439a10c0f7126383e","54807.6620816573","No"
"0xfcd8489882ec81e4605348c7ff0721dd74661d84","54674.1170223344","No"
"0x5cf084facd21cffc5b79097bc745e31d3c991873","50490","No"
"0x0b9757b206b896f5d78acc83d6cf623293ab94f4","48522.1712452554","No"
"0x409af5f9b95902f6428afd402107b30d45c1e888","47479.8402465215","No"
"0x8007539ce2150fe53bde0347f3ff65a176b94fe9","45971.2681019404","No"
"0x1d83b6b7be10fdd3be46c96e6aa3ed0cca51a8ef","45820.1200345927","No"
"0xbd0cdf6f92c7bdf5e730d3abbe6f5cbc18121478","45759","No"
"0x066f0c8688add7435eabd189884d552409a71d3d","44817.9","No"
"0xacda9a1156900c41b9c1090d2d00faeba2bed78c","44185.5","No"
"0x38e9822ce7ffc0674f116732e83467e92e6e0f0b","42178.0507465461","No"
"0x18618a82fd3f04c5c273b80cbb01dc02bf1a29e2","41717.9419342497","No"
"0x73251864d3eb11a23acd43258f0edb668e154fed","40890","No"
"0x670e5c57e647ce436b590997a2f2571186d405c8","40583.7009","No"
"0x7c9bbe10804524a2f05c0b3b57b52f2bf9822b47","40000","No"
"0x4dbcfb1c6e0579d9b8d07869093b62507adda4aa","39548.3339739571","No"
"0xc0625f81036db14d54a852c08d51e155851f665f","37173.0869419919","No"
"0xc01cb8b56ed513e3b17c1365278c14bce6fb50b3","36000","No"
"0xe7887fc23482ac8c566b2cc6a67376a35f4cad40","36000","No"
"0x5193864ddcd3e602db62ea64a0944f4b07a1ed47","33982.374010676","No"
"0x47334f1784055ee9195f9582d43f14e4aeb872e5","32896.34265285","No"
"0xfbc116af733b1da7f447324854ed37d6a2e327b8","30647.7947705385","No"
"0x6b1f5327944087439b0df100cd7cb3c5286dd7a8","30517.9606340373","No"
"0x5f9537c9315c7e30959649f527c54b6c769d966a","30360.03","No"
"0x6b69f6100baaa0ac84d49608899c8262a922a0b8","23775.2276199642","No"
"0x71fecbc0b9e7d174a48c58f9c0679faff66a8f8e","21542.1418362327","No"
"0x63e72a3d2c1c673e16d6aa43eec5d3dea3be1782","21030.2944276841","No"
"0x4572375e984f1806e466591c57cbd67526d2974b","20732.9308495814","No"
"0x954410087c13f3db69022e020149721185308a9f","20136.3455137937","No"
"0xc20c609debc4d00e2a754bdf5f4c4b42e0705dd9","19689.5289968771","No"
"0x4278da54efa7698d7fdb29e05c9b232ecf9b0118","19082","No"
"0x043aa8330bb48b55d5518356c1cc3cd26949b4d1","18000","No"
"0x264ffc3764040e0e6e48ad5a817cc8b80a331b15","16821.9","No"
"0x8aa3a0b1bee1ff97e96dbc7bdf93260ad7db5862","14695.0156124215","No"
"0x4d04843f3df32b3bee315dac5ed28c3e97837001","14456.555044844","No"
"0x5342fc5b0cd7a7360cf5963c344a72a7a5ddaf5e","13500","No"
"0x99922543635d97d5c04947158424a63822e89dd8","13400","No"
"0x19a1d5937114fbac2e251dfdc25aa9e70004d7c4","13146.361891366","No"
"0xa02497796824b87da3f5b349edf7bc039dcff1fa","13099.5","No"
"0x22b09bd98bf197e78dd7e7ca1f11bf6099d027c1","12612.0987244706","No"
"0xf764239b3fefcbc69741bb4354860c34a6478aad","2446237.40914855","No"
"0x5e735d441c50ffde43b542dba1622c92238c13b2","9698.99765174122","No"
"0x319e00753fd16771128df81ccab88c15f9c34730","8280.27656196364","No"
"0x6e9beca248b2bb63197bec3eab09a858b885cf31","4515.40034626728","No"
"0x41756f70c0a878a06edd443e621dd1f268180b68","4469.77463518817","No"
"0x968eb68bdff7a06c7a74f8f968a4c14a2a859636","4300","No"
"0x727b972ba388b1f405521502c48e14f330fcc167","4200","No"
"0x48f4135d0137f716f50b7a51c29a000b0870768f","3848.43288898887","No"
"0x163d20a7cb1dcbf1668ad287bf021f6015df02e5","3719.3107823839","No"
"0xbfa9aedf10f39a4076e0664151d89e2eef4dc6ab","2700","No"
"0x1dcb231a8b3d3ed84284c339e8dc6dc5c5b2642d","1487","No"
"0x246f130d77d901f848a7d630b82a886c19f51b42","600","No"
"0xfcc48574e135c81c7f2fe3ed4a9cfd443f8b319d","22584506.3583303","No"
"0x50e78787576a86e9c7ed438c1cc9e9b23f512f9e","2085002","No"
"0x3d1d4a432f54241dda25bbfb1acde0a83ae60da4","180174.87","No"
"0x604da46a527875bfe8d781037dd8c6ef726dc928","140415461.848193","No"
"0x668aefcd5a1f386dc299df7bd21edd82ed66e5c3","37030168.4002287","No"
"0xfd402f31fb7a34c8bd4aed732f86848dd5ee5bac","27910.0786083618","No"
"0x455acbb59294fec5461ee4ea48a8cd7f96269c31","136273.206282671","No"
"0x4891e9fca9ce0671c986a1c9deacf50f4905dcb9","451000","No"
"0xbd1090a0c14ed02afab7cb0d347af29c6ac179b1","45000","No"
"0x41819a2c761ae738f8fa2b1768c4a01a9b7b9532","280859.608236518","No"
"0x1bf1139de2f96af7ad311f9f120b5ef56b75c3cb","24426.6978035645","No"
"0x85589caafbe2112efdbac17cf43c11ce19e8f2ba","24308.2993697205","No"
"0xe7bbc904fa2315eb8edd5191b2fe88b598740289","42866.659700369","No"
"0xbd79a8b8324dcd2e61f0e2b3a9c03fc0614f4d67","12326.0295743387","No"
"0x45f22d68671543e770c5cd9163374cc452d19ad3","45520.3431259998","No"
"0x6e4b3052d60874d665e05c9feb5ee9396ed12361","300745.797196946","No"
"0x960e11aa51ea3aff2867423b078244bdde92b1a4","708959","No"
"0xc6536a1b2891a80d32c30b7fc973d7e9a888320c","1567919","No"
"0x1b12ee9211b3bd417ce9fcc8bfd82b20b2bed21a","1085000","No"
"0xdddec1ff608feb4739c05f0d7d0df6b16f7b74d3","10585585","No"
"0xca3adc928a1c953075d75468a15fce99397d419c","1300000","No"
"0xd362066c2917a7403f86cc0afbfcf6c94ccb0342","1757209","No"
"0x6eb948cd45a916474ffe3215fa7c14a28294c300","2416430.63898436","No"
"0x9500da0a199e3709ba2fee325c2ee7dcdc9396ed","1411986.18043062","No"
"0x28df69fe83ca06720542db14e4e9d8e51fc42e37","9400000","No"
"0x87fcc8165c8565a8a4f8ecb9abac4e7bff627d1b","3022.9567622748","No"
"0x5f656cd2c8d5f9d1af8a941879ec8903e3e443fe","7755000","No"
"0xad9d583e2a2ee1c2e1615dfc9f77acd225d4f2d7","1165872.77927397","No"
"0x212bbfc6934e3e4e07c79a567049b9b78376aa50","6105025.37660049","No"
"0x310e75da738326cb47726162eee51b71ffbdf9f8","1200405.82027401","No"
"0xaea15298b032e9821e650095e12356e84c7f22be","10585585","No"
"0x0d4a41c6e6c0423759b095a183168a16f829443e","10585585","No"
"0x026be4af90064c41735ce2d33826234f35edaa15","1330095.03813381","No"
"0x7ee058420e5937496f5a2096f04caa7721cf70cc","20000000","No"
"0x81e0ef68e103ee65002d3cf766240ed1c070334d","31671132.2870423","No"
"0x009eb25deb9e5647bb4e350284e2eefc2805bf45","2000","No"
"0xc4b0a5d0b2ac2d32d56f82eaa589cd8cc04d8475","231128.640200145","No"
"0xe27ab50911fb20be56c8771334921076ebe6c530","3600","No"
"0x1d3de7f266bd7bdb31416745c09a8c58b9389138","6500000","No"
"0x596c91f8b096f167a560c58f490a0f774f6cc10b","29956.5","No"
"0x1140e1bd4f3d31ffd6fe43ca954609c51208120f","21780.3940906356","No"
"0xed8c7f915cb3dae6a9e9f92fe4b30c67aabfbfd0","100000","No"
"0xea5d3f77ab6489ebb81a4738b24a585fe801a788","25309","No"
"0x7ada6ec27007ad57f72794d0c537abff6de6262f","36991.3705665034","No"
"0x20323cd10dafce4cb5e6439d3816976966c4a73a","30000.7126395128","No"
"0x0b926c7c15c879dbaf40fb48be10f18db9222ae7","5629.60745608253","No"
"0x3012faae7f3c36c4e11a8d26c7c4979c3ae25e57","293350.544862277","No"
"0x3f4d6bf08cb7a003488ef082102c2e6418a4551e","7000000","No"
"0x56eddf222728023349dcd1cf3d1e1f64d4e8ecd4","100","No"
"0xe645ce1c98b8788b6d6df21a49c4c4d25020d2fe","25002.9","No"
"0x057974888ab34c42c6d98660a7094df4913fc004","49527","No"
"0x70210da2e43dcf6f16e08b02bfbe1a67ed0e093c","608","No"
"0xb4cf54e71c534b9d3797f45c7e5f5a0f2214edf7","87011.2235314009","No"
"0x52ffe184baec8b138dfd88744dad744508024bd9","89823.5491065648","No"
"0x42dec2a604f7a9d37fea984155542a53efad2e6c","409365.735845626","No"
"0x02972af9b7bb1e79f4ba970368cb776dce606bd7","38805.6640374566","No"
"0xaba4409eef6190425360e0be214d6d68f1db4b3e","1600000","No"
"0xa46996784dca6e6d2823cdbb7aea643abfbf7cd4","3200000","No"
"0xb1accfb4f63012418b0cf85444f5f9669526e5bb","2990223.69770741","No"
"0xdd1e2d05ba4130bb32941bb22c92b9883964d493","21673.1035402669","No"
"0x12be162ec78bb08e4bf38ac29bba1d971d567890","1303827.68101483","No"
"0x009bb654ff950e00f3609a2716b07f7dd600d134","9631.65172999366","No"
"0x1ff4e292e5fecd5830e959a7c814b52a584fa117","9600000","No"
"0x4189d81ad0b4bfdf0c1b4d8bbe547c2a9817fa0b","30747.6632425579","No"
"0x4de158d9688cab99d37c04e63968014a5f326b11","956320","No"
"0x9e7ceae365f6b504080c598646807635f07f7690","85843.565048553","No"
"0x4780a2c05745a801b5f93b6987c7dfb7530b7306","1033276.09498033","No"
"0xa88e12c3820008fb4eb76584772fb6bbdfd90e35","2200001.6421418","No"
"0x6ce9030e46749be150394fd815d8db3f02d28432","1199922.7059496","No"
"0x641ce3eefd12617de03de47d6adaa25ab07ed982","5920000","No"
"0x0d9fc33334afa72751475b1974de626f6fb32304","308806","No"
"0x744880500bbf2bf5191bb0eb315f3cf4d1bb7c04","1600000","No"
"0x84d581bcf14ae2047d50ae4c51006df1e3973475","400999.710196459","No"
"0xe58baf94b10122c056c3f0514cd9c5331f82ddeb","1600000","No"
"0x7925b192e8e8bfdf62db83e0889ac67a16c3af36","1600000","No"
"0x81d6dbfb2ec09e618bbf8a97f2c30a9545eebf82","430380","No"
"0xb9d8b8553082ff8d2bedaf8e3b6a99d43a24ee13","20732.5534794584","No"
"0x9b4400c54c7d3d6472e65ccaa16128adbc76f0ae","1000000","No"
"0x86d6ed7fdec2ebdea803f1c6cf76003b7aea07b4","215243.372950455","No"
"0x8d1e2dd6349c2d213640b3193d44c148b85462b2","45090","No"
"0xb323100e4df8c6db85d6a538b9d8a8eea27e9d6a","56714.3301245857","No"
"0x48b9f24776f83eb518cd33a97f244e2b6afc238d","3054252.04262925","No"
"0xbd794bf937e69c5ada2baec12b2b0252a1cc02f8","717288.735369966","No"
"0xc5e1e31fe78ab5734cba85ca06952c2e026144ab","593412.031412303","No"
"0x081f8e9ce5c3429f98108912b76250b2b5e82851","1600000","No"
"0x140d1340048dec8701aafca366ceef9377c677e9","800000","No"
"0x1cc9e418bdad659385d3ad3b263f7ded3be37df0","1600000","No"
"0x7a31d89eb43334d1263996e53f0b9680fc5cdff8","87810.3","No"
"0x94e2a7b0f7543ffa8bbbe96e9c5245eda23d31eb","421000","No"
"0xb4211ac42964e615a54999f48a4c5be3ef854055","1600000","No"
"0x60130c494202439a2317e82f1b42f15a4a88dcdf","1600000","No"
"0x93124b641074e816091d71bd8b2bd2c30d8e33ca","310560","No"
"0x7879cc2c7194e88d702d04bd08566d14849a12bf","900000","No"
"0xf3682cfccf70bdd6f9cc6846fb02b49c5a581d33","6331.43233102378","No"
"0xe7cb2c46d54a87d822848612b7217af7479666d9","1600000","No"
"0x2ea8143c996b14c9839b511d1957c92de232d002","1600000","No"
"0x3ab668475b74511799e8ba7c8d8129dc2971b79f","5600000","No"
"0x3e5a8922de20154db36bc02df46a188dd65a5246","1600000","No"
"0xaa19db9fd20939f8866d410340e831f0c0fb2da7","1621865.63690513","No"
"0x70852d61bc72073575b1a3d968682f2adfc39192","400000","No"
"0x3550c471ea521983f39957a31d49733bd66601a1","677279.927574457","No"
"0x797591ed90fc06852b55181935ce93b770b2fa66","1600000","No"
"0x6a20f3d33164e2eaeb3401330307b6f45c64522c","1600000","No"
"0x91d3e06b2fad72cf148ac9de0e1c711747068650","1600000","No"
"0x8171f5d096a1b729c02791a6bb9a3b71ea84acdf","1600000","No"
"0x000000000000000000000000000000000000dead","30000000","No"
"0x12d630f7f8e6b33bca774e5f290bb1bad53b13cb","1600000","No"
"0x1c8e3751268d35f3c282808e8e4b9c4c1eb397b4","1600000","No"
"0x9a21477b4e9ea5f7946d75876a186a1194559828","1024422.8101126","No"
"0x57089050846fb0dc6746e4cd859090ff676fef1b","1360.75316129851","No"
"0x2481a7b31a4ad939d26651bf43dac55bc9c3af82","2841.73485255418","No"
"0x4931b9cb31b6d049ec72c13562140405aeea7265","2.611E-15","No"
"0xc195425e6fda6447568b7ec4f5a14c34ac0a7ca6","60637.2746174642","No"
"0x68a57eb10f409e4827decacc83d3611f1e3ed806","368284.333743256","No"
"0x9d2d170bcfb2e0082834ac22007c0e4164bb344a","22883.0537341417","No"
"0x93ecfc6e27c47926d686e02a51364a058ad1e0cf","6905.75805904208","No"
"0x6339029f2d221917e6300369282712bfc128a013","3387.28706290416","No"
"0x091e57ea8f76751f2dfe26e934a3fbf72a8aa06b","334.067451710401","No"
"0x9046b6510ac90423c6d5bb36342814ec3c53d7bc","4.884354720209E-06","No"
"0x8c07fc7dfd9917ad205ae512271bb1511dd4ae30","0.00163337473744973","No"
"0xde6849c84c4435077433c3141a0e86b029c930c6","26272.6612774159","No"
"0x97390e1e2591988304c6bd4a4790fd8454da3dd0","131.151932393302","No"
"0x0bd7cde6b175721862724cb56dca8988623ca865","210213.274441531","No"
"0xd2e4ee8a16aab3b1270b1fd0d9fd0a8fe3654186","1637923.94514163","No"
"0x6bd5e1c7d5334367d3093fcb69efbfff73912543","8.1153019920686","No"
"0x563acabf0f8c379c0ca650545a2f2eb0e89dd552","565538.428717968","No"
"0xee300b566f339d1614aa1e9b83509573d4af2ddb","4372.56321412614","No"
"0xcc11ea860e62c71b2ebb1f4023c21ec9ebe1ca42","55706.0322366389","No"
"0x0cef73ca43494f3f27bb5be3c3acf348f56f1b1d","361.440574207931","No"
"0x9d52ca749ee3c319d5a20a7fb60d2ae8ee6ad588","5501.9119833724","No"
"0x6be39da0dcc97820efbc28769a3cb37d8415ba0b","55057.5719185576","No"
"0xc25fcbbe0d341c1d96746f68921c2757033d721e","25153.4250513219","No"
"0xd2aab8256593be561f0c1ca2177d67e70b0b3638","10929.4688465133","No"
"0xeee175838591747fdf37f3c1bfc0afa2b2324e2e","215.830099300957","No"
"0xb672a153a57bdb40b7017d806c067295f64201f7","0.110032099930653","No"
"0xffbfc5b372f9e0cf635bef0497a6b1bf693cfcac","5.07205719946185","No"
"0xbc20530c56c315e55c79fe36ef60d05e1c80002b","10873.5394764252","No"
"0xcab187bb1695482c1a738c74361a92a91348c70d","7719.38770817799","No"
"0x4b5476e323d4ed159fdb86e05d6b60170d12225b","16277.0327917347","No"
"0x35cd00f7dd5b1e620c87a6cb55e8c326054c7d22","67770.112337456","No"
"0x32772b2da3f7135cfcaf20f1c20ee4c231e8454c","539224.900658433","No"
"0x19df4607d7bc06c23bdcd6ad47473817ae64539e","160754.974068055","No"
"0x011b9b0c73c66425d553d6d9f6b96744d5fd1ddf","26466.3328059466","No"
"0x24abe938973f20f86c47e5748ef5fe08014f5795","134040.890866402","No"
"0x70dbc7c6ced883e6edeb96a6d0d6cff02657a9f5","499468.547682548","No"
"0xa84ba0358435d70f6fab9a1aafadd032a3817d6f","96309.2398089147","No"
"0xa703a69307c6e0bf0d8d253b6305c351daa642ef","191358.447596503","No"
"0x4408ad7b18bfa540972846ff6b692cc1210107ed","12327.2552338227","No"
"0xecf8a9f5d1b00e934967f7f2e384c7e7b2b72e27","9378.25475484601","No"
"0x226da30d7f32859674ee502ede3edd833890f3fa","111091.273500856","No"
"0x63d53099194557f9313c0b815376a8e7abacebce","18460.4112139479","No"
"0xf09efecd4c735ac571b5486cf78a78fae09637d8","1142281.88073187","No"
"0x2c4fa84031456485e5f909afdb8f0eff004d03b3","462234.569406304","No"
"0x891cde84ca083b95470b1ed64c3095466fdc14d7","183740.412360194","No"
"0x9555832df05aeb33adba00a0194f903a9e0d8571","1043943.20249935","No"
"0xeeeb05704bbed4c4276d153b0af2f5dae1da44f3","143811.73241966","No"
"0x408616b63ee2a306469bb0dfa14c826ca2dd5b8b","139421.4036757","No"
"0x90ddc925098080cbddf5c9f866c6b621fa10b3b8","74218.3234386329","No"
"0xe5cc678342f79248168162e918f91f1123468f99","444.327696077087","No"
"0xbc67a9a19170a0d8b847c8c3f96ab4a83dd2dbc4","44327.6657515387","No"
"0x9d6152f0bf6c802ec1948c11651cbcc3e6ab6fee","49126.9866150468","No"
"0xa8fd62146d7458cb038894e1c54944412137cdd4","0.019392357170734","No"
"0x9b34d6e9e2ccc9c768f9822f33c166dbb91cec54","39738.9208087096","No"
"0x91be0c781ce68af85d1d25d896996437a9958a86","8841.76265607331","No"
"0xc6f4508bda9d0b36f26eeb20f9901e9272024066","15475.2377650762","No"
"0x21117a8afcfffbeab3d4caed747d3e94acfbb6ab","117283.955265698","No"
"0x51d020c98179746e0d22595081ffa14cf768c3a0","44120.0429667719","No"
"0xd9a2432306fde112a9c9ac4e45ec3c9e1bdecb5b","261853.900431039","No"
"0x4f2c48cd2a83e8fd2ff71f6b6a074a7ec0ee9085","87.0194023120239","No"
"0x7c9d91f7332f77811b7e005ad04b9a08d737fba8","13025.3160609399","No"
"0xd4f65c551eeea3eef2348745b001e93a85e24d25","32980.3547910774","No"
"0x95f680467e9c9025f0b727bf06a2af5b2bc3b2eb","43225.1171390783","No"
"0x3093e4efa055c395e5ba4b59aab62f2de8da3201","37688.3434745176","No"
"0x5e2f25922c8efecc2d8c0ab8644e21767437ec95","44334.1765265349","No"
"0x894c1c09bd54e62442e7024c41d135d5b0017c22","116322.056775455","No"
"0x4b5206acc1339f3ef31459e7bfcfe566d2804176","13191.1262813541","No"
"0x7dbd4a373f616c8956b5b1f1d8cc56696e07d7ce","186822.311563489","No"
"0x407bf945d2a8ec09514d9c7cb8cf94daea358b97","11477.3479996642","No"
"0x93d7e5da4cf45765090436e0fa0d84529942179a","1497496.73843945","No"
"0x6bb31d5225fd70a06e8c92acccda4afb7251f34f","152834.676156833","No"
"0x5eca3390d9110687ef01382ba523a38123ccc21a","22011.8313019165","No"
"0xe95967704a9067ea2d3d3810a475a3c8215a6057","158686.321001368","No"
"0x8bbf6cb2e1bc037e0e1f9e2a9ce3397031eefceb","11436.8292478639","No"
"0xf66dcf7ffef9fd5bdecb70e49cd49f035aaf7975","12943.4653532888","No"
"0x4151a51fcc9885eea81ca0d46398bcc3571e82dd","31500","No"
"0xb2dc85cb55e72ff711c9c8bdc8c0ba45f9027c3d","59893.6715302357","No"
"0xa9ece9851b91f36bfe6e79750892fe30100ae378","37459.5791533363","No"
"0x0b76570349763221b00a008f78c6ecdecb837e45","893968.284194669","No"
"0xdc9f51657328668c6718fd417ef1813d9c5eead7","226527.704520288","No"
"0x2141f06b35c296baacecb9d3ded1460c46cc69ad","111963.657501663","No"
"0xadc34657e46e98c1a645f34b5c80a2055985503d","330680.952525772","No"
"0x04c541a9c09c88a1725bda80f825dee4637977b2","23741.1952804602","No"
"0xabaea8cc78d2b666288c4b30a61fd185d178c907","133578.669690778","No"
"0x5d942c90c17661c9012e8013c67e627b181efd9a","41369.3828280004","No"
"0x0bfe14bfea80f4346aacdacdafdc93768f052f18","0.848283334701171","No"
"0xa3764f908aa25c00448b8eaee8723fd1452abde5","358405.577420557","No"
"0xd350b9667d35fb714701e320083be38488a6268d","30669.9789790768","No"
"0xd301c8ab53e809a324f9372100b13eaa201a1385","0.164901743471456","No"
"0xf9f78f5739d7ca71749af7d335e80942b69de240","161751.912032625","No"
"0xaa43d4656d32d2a1f67add31baabd3c51aeb3f26","82186.4062604307","No"
"0x4f11a5ba0bc3af595b6f017364c58a59fa8249e9","32847.3464683069","No"
"0x332f7e414b021ba6c05c1defc62c6576810adebf","175833.0045","No"
"0x436d22adccb34c7dec6bf3e9da176f05234c874a","16402055.6262142","No"
"0x27be63fc63d7eb54e5f3cf70001010c7cdbd8dd5","0.00801214584482165","No"
"0x7a608f846791669cb5db42c6b33ebb18b6d25723","27258.9396940976","No"
"0x22d02964fce9be7f0b262467804314fa30d1d89a","3744.50199328778","No"
"0x7f889c8a4e928c166b7a0eeb8de2fd5fa71ee659","67569.5985620513","No"
"0x76f756d183cebf209f471755b4ceec296cb1d6c1","37944.718589076","No"
"0x44f612c687237402511ee49169c45005d40718c2","44722.5823304598","No"
"0x3bae4f87afcd788e86cf8975854c71bd89bdf991","4896.00794010353","No"
"0x7cf92932776a264d0850a13c776fb96069b443db","53821.1071196284","No"
"0xfa5f0694be1d611fd1649c9be082ffe9fded4d33","16378.2767243376","No"
"0x582ded9a79fec108764c398e38e13faa1a76abe8","32031.6221379654","No"
"0x5f9d8f11741bd23686705413e960746addbc32e5","1","No"
"0xa79844e18687f2f6b3676bd736c672b6908fb4f7","20700","No"
"0xf8806c9285cc45bb93e4d4cd5eeb441bed8b355e","212178.564571525","No"
"0x1341ed70a9e48dd646c60aab8a6213117ccbd95e","52.9313681774672","No"
"0x7001856469fb2730cee2bf98e3057638ae4bffe1","1561651.47782718","No"
"0x77c8f70e2960100c15363a838cd9a51d41a07801","43143.5177921409","No"
"0x015c2cc0d6cfcf410912fb881ed77bf005fd7c5d","41281.9744940098","No"
"0xed9049849d94e058fc9a709e232a040f5d3c8852","123664.826009699","No"
"0x34f202867bdc5f0471174eaccc44702346265bdc","20803.6593051843","No"
"0x887b9068af1eb7d25f786b3f6f225b1b5f5a9fc9","82553.2886200894","No"
"0x8c1e9bec1b8f6a127c1efb2b45219fe019b56e5f","120342.948153717","No"
"0x3b73e9f3df51409ea933fbf8a6925eab45b3ad0c","101983.894246144","No"
"0x2d77bb417320e52984c2210807a620d193f690da","15226.0462966273","No"
"0x8d566be5ae243f8349eaa0cad0e885f8fc0155ac","835409.485056457","No"
"0x83f8434a40b11a6a08764ea19567d5dbf6fb9ef9","10193.2340833461","No"
"0x4672652fc7ef0ef817a535ff4466a735e1232320","4076.76362388524","No"
"0x07682da71970efe8c041882f871eeea2d6f23c9b","25472.9232921785","No"
"0x4b5727c7ba0689843573233be7a45e3b3137ab7e","101181.41894417","No"
"0x3d743fc4f33d22cd6b0eac93e257a27099d2fbad","453833.83656731","No"
"0xc06f4f55d0beab838c41a945c174bb096178b823","148761.354582077","No"
"0x7cbc37d851469358489f75e7aee4ca505a08da24","0.661315692235944","No"
"0x5b846d1206e4e0dd53bd4d6eda2528e3885129ff","39481.4637280734","No"
"0xab4d5021b24b3d295269131b2b15e48ed0c8fbdd","19051.3248446662","No"
"0xaec873614739ef08463c8963b65024a842d29cc8","162956.045674543","No"
"0x1563c7453ae3dc6d1eadaf8415679dce78420c6d","24630.0868919424","No"
"0xce22925777e7d55c9d280e8b9fad420d611d67f4","111157.520635141","No"
"0x45b9faabc022d7743e9e3edb4abb62ef7be49c71","732682.584649249","No"
"0x24b2a471c69437e43a8631f4a693b83a7851f368","9562.76733814857","No"
"0xa3fbbf05ba40edec4d4d3e190549d9b1c66bc78c","190895.392189736","No"
"0xee7701c6bd86752d051026e7ec31f2d9cae60735","35106.8610914145","No"
"0x6489ccacf56bfca6234eea8bbc8d2f56d7f7e272","252570.110128823","No"
"0x062af06f107bf5bf13e80ce130b5364932649177","118679.326258012","No"
"0xe71239927116d85064d8636af3315b71f5c372e9","6.59442502497544","No"
"0xa066d5fae68f650e06885172ca2af05cad2488d6","7014.32371443476","No"
"0x461d42a953a383757d725ae66ef30c3b40120808","146285.171418403","No"
"0x4e6b3993952fc2dc2a3f83ae80e94f82ef83aca2","93092.9645780398","No"
"0x40d40603e893f35554b3eded60ebf67ed912c0df","9298.56154321816","No"
"0x4dda8b5b9346d909f60b2976766324630e0bcf4e","14452.795924218","No"
"0x3a3d8fc14b355776306a6b0a19833f07fa556195","231866.303208301","No"
"0x691d422262048360437e9acc9ba82ab0e83db0b1","13879.3471140056","No"
"0x8ce6a91f94fdb670a9efbb778f9c3d104d05392b","506422.74125672","No"
"0x057e3c40349bd7046c5f3c1787408fcdefec4e6a","6300","No"
"0xc4d9fc8e32f4efbbf8ded0f44fc09d8e1c6cb5c6","71224.4691484101","No"
"0x94914b8765c43bb25d4f242f0f1d6641c754d1b5","453848.506449515","No"
"0xf03b8ffa223d8b9536ff8df6986ff7b8daf30fa3","135609.601253275","No"
"0x4d2c7ed79540058150c0ca382695305eaa8f1d2d","33823.8647923078","No"
"0xd9664b2457dc13ab6149da73469c8b94e7a0a597","45064.0652170589","No"
"0x20e5cc740bea9b28c17d597048a660a33405d4b6","0.518263104326085","No"
"0x9b051aa81f27c60a5f5a5cd25a00e713db77fef2","9397.71279641964","No"
"0x995d0136646111c758993211d982e4c343fa89ed","10288.5774356735","No"
"0x16c237ad92ab79b5fd006cef4241a83945167314","1846196.79494599","No"
"0x3f84830e501257b3b2377c754cfd72ccce30013c","40796.2328160576","No"
"0x63c1eac3541ebe00d6d3889e42dcf55882baf74b","511057.738197552","No"
"0xb28c00be7be148944c8bd53a2ac7f8fd25e01a1b","850556.150879313","No"
"0xf221d1bd58f584670be4db6374b1d7c7160b49f7","34333.3926018406","No"
"0x8405f6986df12b5147910f9854fe767ee15c8229","197695.110208191","No"
"0xbc979a071e56acc5bba8b4400bed34a687195358","8593.26483506127","No"
"0xfbb9b386ce7076b360e44d20ed6cc8037ecb95a4","3224015.09025117","No"
"0xe0ce7197eb5fa365132b11af80aeeaa08736d716","8513.39441750803","No"
"0x904a79b07a87141dfc99e2159f84658473f942c6","93164.7696320963","No"
"0x71015dcebc2de88bef03687e9df929f0fa968529","63694.6787451006","No"
"0xc9ad0b4a3a666933198f13117ec5681ebd9c92bc","203722.814917764","No"
"0x7b2021f0c821e2c07117e94d4c93cee27d0ab242","84420.8467111831","No"
"0xc10347c50957b8d68967f14ba643748638e4d47a","42139.287745185","No"
"0x6f8d8c7a57afcced2dc6dce35120eeffb870cf72","8945.13519802341","No"
"0x0e064b1d06dff5610883025615aa8b22a786be94","90101.059780195","No"
"0x1c135414b8ff60e17c84c1fb25b7cd4877cb3bbb","42402.927550529","No"
"0x6615eb90845b42a733e748c0d932bda46b459dcc","105570.248840686","No"
"0x933bb00c0294dbd24c3c6bbf85cc2304aaf18a04","88990.2090367043","No"
"0x4c7c82f39b9eb69db28e912903ba563ca3f31ad2","37792.6220195222","No"
"0xd73c222df0b6625fe1359f5112a52c03941ab4ba","35526.8563539164","No"
"0x5a5c5ca5a10d7a8b39f38a3682d01bf39ad679a4","4439.12861604059","No"
"0x2d72f43e7a686518c9a344c679198b88934c71ef","1738563.3","No"
"0x91e260ad263380d94894de2b5dbc35a8dada88a4","441817.905072305","No"
"0xb5394ac90d4718c02d17e7e4f6f2719e2cdf3c95","24049.8","No"
"0xd7d61079e75bc7ad4ae98c149da69c024f35fa69","28568.3393538021","No"
"0xa09da32cf5c3715d297d2b6649a72ac65e081cc3","45232.1168262153","No"
"0x83184e2b6cafd9cc65630f96a01759a813be260f","1879632.01467491","No"
"0x87b75109f254d71a8479bd0b96852a58c36093fc","1416303.67200675","No"
"0xd55187e34db67ea8b7f88c73e33928525223ee9b","93203.109","No"
"0xae5afd24e695151500ef1b753f3f6bcbc53c2994","141125.287006658","No"
"0x746428c6bea4529255415520e561e14ab3eeb700","0.451583824419186","No"
"0xd41fb0dddb81ef67df929306800a26f0f54949c3","123459.587848713","No"
"0x889d78e12f3ac48a3a4e6dbc658dd680a27f8cad","135580.036913376","No"
"0x327325896a619fd2c68929c20e4db6999123108a","6769.7009016443","No"
"0x07220473bd761c669d9459d0943317cda45dec44","90000","No"
"0xffa5c4e335feafa3b7a323331c0eb393c09cdc82","15078.7160633482","No"
"0x63617e5f85e910763f61f957930143f92a848a61","114207.050413837","No"
"0x856b04420fcf32112281d4372c3b84de72d49c6f","67430.1003144258","No"
"0xe554a4bd3583f7ab43b313eb95bc0a39bc09f5fe","10454.4","No"
"0xe81f5342af6f6e97d1f7a76071295592d6afe740","39262.4088395004","No"
"0xb8537bda756621bd7503d2b864aa1b71d250f2d3","17832.4800337273","No"
"0x75281e0b14ecadcaf8edefaaa51b665f78999c48","467126.977396834","No"
"0xc183d1995006056c02e6e653c49a9ebbfe531c3e","31632.1716472867","No"
"0x25354bca966af4fe5e2abf70cd017cc98c9d996a","6973.73164283094","No"
"0x9bad48cf4a7ce18eb0fa1aa6514979c6e3b29fc0","4643.4020102151","No"
"0x1cd15a63a068d607934fdc16ae2e9ed20e01cc10","142347.824059832","No"
"0xe5a41257185c6ca21a37f6218dd8502a48cc833d","54838","No"
"0xfb1361b58ec9b3ea69807e806cdd514dcbc3026a","37230.5979461564","No"
"0xfb85fac3359f8bb1bd5927c8e45fefd2ee4f9969","30067.2149616553","No"
"0x49fab62cbb8395c7c5a567266579cdfa4c7add7a","18114.7355575838","No"
"0x2134067507a6d16661b27d441a903011cb6376b3","12331.7784577349","No"
"0xacbca131d0b7f723d47d59824adf28adddcb159e","3525.99721155813","No"
"0xd3a708577c8ca717dded582d97b01659971a86c6","57117.23389551","No"
"0x85a6a96c7c89c63469776b16e69dda7d84f44186","147800.465450536","No"
"0x59511bec8ed0a4629dac333ac31d2738a221e236","2299.27011737914","No"
"0x22e292fd0f24dd94e37bcbbcc4684f5dfcddb76a","176576.927139174","No"
"0x9ce92f8cc9d4cca46528420c4bfda309e8488c21","22873.7896614589","No"
"0x1d857c928908d7f1443862a17b593d9e4ce894b4","114219.134512739","No"
"0xcc71859211a06c3f861933e272b9632e5c493cba","31987.8206998123","No"
"0xad47b11927c1a11d184f3be1b4b39d4b51652834","22799.8880063693","No"
"0x3f562d54774010524674d514edc3d95e8f8e48b6","20266.0630247427","No"
"0xea077cac20ce63703581a3de2f568ba79b8b27fb","634137.420483127","No"
"0xa014c824bfe9cf3aede2f3cd06b99c5a8afa34ca","70579.8275146974","No"
"0x200fd33ee2c351aef0a1be65dce46e658740f771","7024.78622326305","No"
"0xe1baa2474a09ea9ff4d1c13f6dc8172f146c81be","6973.53597333085","No"
"0x42e11e4ba616d2fb2a54c077a4c18655d58678b6","20575.4802194637","No"
"0x5f469eaae81501e482ae2e848350d5b5c99b017d","124310.856354319","No"
"0x74f2ea21b4ed70710a683e52d1991e61abfe8728","44804.2815469402","No"
"0x02c2fa32e58af8868a7a6e54c03cdd0970ba8435","4478.29255226406","No"
"0x133d130ae2ad5203884ec8c1633aa437f386851f","78661.8954473477","No"
"0x65dcc000a469c07b773367f496071efc8d774c88","1355054.34106076","No"
"0x24f15ae23a4ed10332cfb2e8399335def763b4f7","133574.627472299","No"
"0xc3751dabe5d9a93956852483b0447cdaac995a08","13338.4323212194","No"
"0x1012884956f59253c69145fdd6b1bd02293d766d","22267.4908559993","No"
"0xcce70fb968f7618226d30b225864b8553382b1fa","25943.1809486449","No"
"0x51a23d06a19d04f6c0458a8e72d801f5f3033580","2572350.32953047","No"
"0x79e689a66c6ef5ec447c415b8036dc9201d3bc61","1409.13378726895","No"
"0x426d89a7bfd809a45efb235116beab57b9d249c6","108536.724377256","No"
"0xc2aed36ed49cf1cc489837f892fb1cebbc9a9ca4","3411.01832460587","No"
"0xc6783612fa4dc457185c764de0d5b00fff64366a","21313.6511538243","No"
"0xed1ec92cd7a9b8c84e4b8c54fcd9fab844b6d1fc","281951.111956036","No"
"0xc63363a09cd27e273a47d057af5e86f48624f962","18577.3530794048","No"
"0xb59ba29c19bd2da222fe5ce1ac6d3306b9099d23","933.305430331275","No"
"0x51905309c58858c87de4864396ff83f20ac7b98c","4242.07968237412","No"
"0x0828cf922b723891220c9e4d0526d436a8bb3867","12736.5651770291","No"
"0xd49a33d1731c7a9788359d1c4466a637fdf3a9b7","33948.452835327","No"
"0xa5990d41ddc5b609fa9bfe7275837af0570e8eb2","6762.79269759539","No"
"0x8ebf2fc40bbec0e1b759acb01b37cd4eb457b3be","74687.8097040352","No"
"0x02ad170432c0b8613589e2cd1ef8bc874e527678","4337.82302379267","No"
"0x781fa0cb124db19706aecaf7212ed7d970e9b7c4","52068.6013859384","No"
"0xf7184c60ef1140039607391ef80652ff0cbcfb58","3152110.88508201","No"
"0x071cafa99624b02df060348f4bf06a961eb55283","8551.77086177436","No"
"0x69e16b3140c3a786eede60588a0b2e3fe41a64f3","122006.774918056","No"
"0xc5c06595f235ab0ef809cd9005a4ddba68115665","92772.3786437287","No"
"0x40f9a6a5a6bc1b355592783e4f81a3acb2a79019","144469.708921906","No"
"0x1b0bcc520da8c40baf03d209ca997229e0537cce","4052.04828369549","No"
"0x64db7dbd0158a7001106e0b3079b5ed346001f7a","79083.1726815476","No"
"0xf163ee2fd6b836f05a1a867247a752341b3fe4c7","75221.5325069362","No"
"0xc5b62dbc08a67901da1ca5c60915acaf64c73b8b","4755.99715347607","No"
"0xd0300101917ee9a9302f8f233f233c457319c8a9","24157.0752380796","No"
"0xd6bd0c598473080d7341b962a591756018e5f9bc","109661.929958892","No"
"0x411fd01dbe9d6fb0bc892ef1844856387a6ac2a7","218622.933701824","No"
"0xc1e7f3ceca043d21774495d2e814e96fd3d522e7","67557.554740545","No"
"0xaa322697b950cc03dbd7683436f242414e996e9c","17902.2400972394","No"
"0x93dff8474b7c6716f6db7bd7c1af5ba9f751125a","9576.65715791564","No"
"0x4ec99c02d8f906ed586c4e74a486ae8499f4a593","139963.352980435","No"
"0xb47d1662ebb387aa3ae7d1bf9460fa0adec2f9d6","8709.16777561436","No"
"0x60f8942723de278c36a41249e8f81d056b68f37d","28552.8782277113","No"
"0x5ca6a707e883fa6378ae7d50d4c011a8b718385e","33577.2607784813","No"
"0xd3f6d8275ef7dbd1cd3a62f137b4a9d393a4886e","9036.61524502889","No"
"0x63e92ce89ac96123c378520347ed853c07db1c7a","40692.583121797","No"
"0x2495ba70f074028a90f15b5e1c2e599a17c17814","70117.7967435935","No"
"0x0d6c167e5ce5a3c37db608bf2380ccef71fe128f","155271.323140188","No"
"0x321de8314e7013680642c7884838bd82dad47a17","280699.810087295","No"
"0x654dec04e47104e926f96addf8e19ce1fc7c2464","151826.375365309","No"
"0xc062b3c7b86546aad5e3989010db67bb863cfdfc","114773.764471844","No"
"0x499670a73576fd60cc61f2b8debdce3cdc8d427b","36423.52705675","No"
"0x8cfec77aa38bb56c4b1f60d1deefe492e2081223","95320.1770722048","No"
"0x64c003b7d88ff8ce114e549b3c5857f36a7cbcd1","2015.15737207406","No"
"0xa788ac454d87edc18f97a1fecbdf7baa2a86327b","560156.4","No"
"0xb8995621752d46aa7339e35e319df51ca79852f2","15083.6030630416","No"
"0x6b3bb88acef334ee79925ca49104bf2575c25bdc","30154.8142360108","No"
"0x4736084933237c25d49bd56cc75b56d9c3fcfb64","40422.69","No"
"0xa6d6278ba215acdd123cc227330e291410b77d1e","81838.6418449515","No"
"0xd36d5bc8c42c47886076911f6d9bff2e4ab1aa56","17360.369168166","No"
"0xfb9b625fd1e286b741fdbb6e40f4921abc83f558","904950.740460995","No"
"0xfd3cf45c4ace986194b50455b74f4943237af4c0","57686.364858411","No"
"0x90281a46854c71dea991a6a401fb083ea08356bd","184737.513316484","No"
"0xc5e3a75fb74f9349c6f8f1656c168f2d892e8c0a","224848.333833881","No"
"0x44bb4eee386fbf9c76e534e1ef2f7a29b172817f","28986.9937591213","No"
"0xe873da615f8dec98d5ebe59940fff77778188bf3","49024.2572635595","No"
"0x28e064b14c7c7922757fe231c40aec1b49619c33","8081.79583071117","No"
"0x62e79da820efee09eba017836611f232143a9ab9","10562.3486154163","No"
"0x7601f4b971cb5238a5bec78806e329d34152695d","405955.524825852","No"
"0xa26fa76c90b9236eab0164936c575ffe89839a87","138245.584834468","No"
"0x88eff4585aa1904ef0ea6bb2a2401070d5c53474","2098130.14770497","No"
"0xd9abe0ec60ff3f80951e45c2cd1634d30025f0c7","92311.4644083843","No"
"0x1ecc74e5f4751b39d2ab537fb9440ca0426ebc5c","425721.696958938","No"
"0x8ca506b61eea452f4d9c96f2b188e88f7dc3e71b","12910.9156115223","No"
"0xf5a4f29c8b717cf23a6c199788100a929754f0b8","16138.0136231851","No"
"0x5c91d4d32e33f7def4782ef4b0b5a8d4e3f6d582","25896.7387441055","No"
"0x937aa2508392910b43a2f73ff90999ba289fc6e6","72999.7976909117","No"
"0x24dc4d13ef9b21aed517942c349f82975775bec6","31275.9","No"
"0x78b6999ada84f9ed10f0377c8d0f5e4888b81883","21696.3","No"
"0x774c1928227ed3164555a33445cea0d675bac0ca","49843.1257523727","No"
"0x9ff7859f1f91860214952f55fa22e740fb2c4128","140060.593580128","No"
"0xfd692af0d1609578c23e56ae1d01768d9803f2b4","26561.0269395421","No"
"0xe9c9b1fb97ac3df71e8c4fb17d4d05f1b05ca56c","40705.6009430285","No"
"0x5961bab74687adab222e1042ee2a4793002c3343","380907.778327626","No"
"0xc163d8215e67b7c11c9a05876751869ebae20c74","291257.078378092","No"
"0x2e0051cdda91f03e328c26e381288a15adbd29b4","20150.049924217","No"
"0xd20d234140b1696f38a184c72af13f1df42426de","275278.202732237","No"
"0x436ec981847fa8c10c2cd22c3749c9a53566b7ac","3600","No"
"0x47f3a9469ed016704b695882056b2b7bc42a823b","623998.8","No"
"0xd3795b979edec276023b9a21bc110c4fbeec0a0b","10456.3123501371","No"
"0xc54d6bdab312009ec1a2b959ef1220794ef6951c","544660.279220686","No"
"0x4ad1cbc7df844ae37a27e09fbb80b36178291fda","1350","No"
"0xdead1ee0cad4967995f0d1380c7984077fbedead","108311.147591584","No"
"0x4a79683b1c02844abbc0caf786514525fba597f1","88546.9593784322","No"
"0xc4893d54eaffd9016572701f39a7952f6594684a","27438.3729423893","No"
"0xaf2eb2fcc50f62583a7e727013bf763d7b792c64","77674.9565458348","No"
"0x5982f1e73cfa6d98667f25cab04aad3875e57697","166804.287259508","No"
"0xa003a4abb754f868620f14ae8a5f015d319d3ab4","33224.9789900481","No"
"0x4bb270a6d81bf2d93f7a1b7fd852b659f4d20719","59903.16422561","No"
"0xe88712c947791d74674abd69ce00b85fa23f3e56","92493.9","No"
"0xaaa89a3462a9f0999aa3017d6554e5bdb76de2a9","30295.4419919344","No"
"0xf3c34555195ab5b282af69b583705e26267850e3","24225.4584513818","No"
"0xcc17686c7154f61e8032d641c1e87f5efaa7f57c","12109.098498759","No"
"0x63b461c7215c7747f4169860927553e84e7da454","11700","No"
"0x67d6886d279affb208c722291fbb61e5ae4a876e","2700","No"
"0xa9b1b1148d070e59b047ec284fd42b6213dbec5b","84664.5548624763","No"
"0x20d8002bdcd5e38aa50a5051c3cf328cdfb74d5b","1341517.67133044","No"
"0x8e8a2f14a89ab98b4ea17a7d1368262df6c1fad3","7200","No"
"0xff293a5029d86b05dfdf6e4b7d0374b0e956c770","3534.86308431112","No"
"0x80037ebcfcd9e241d2bffd0a9f828e51a63278f2","35392.3682935894","No"
"0xeb2128851d9b11a43d35b4462aa365a2e2aa4c65","57239.3866643451","No"
"0xa0f466a07882a39b61ab0aeef15cc33e4a095dc5","103858.901238151","No"
"0xc8ea0ba2069616a3b1fd60263c53d8c404331ffd","428141.457521988","No"
"0x86a83002ff943ad6955977887ee6ba6bc69c9161","106774.458041754","No"
"0x9710fb1a5f273b0bdbd2719544042357b792e5bd","56096.2242932484","No"
"0x86552883106b854ca9062bc3d9dd1daf0fd0bbb2","866091.465953082","No"
"0x3c7f519e2c735202059831d0b0b33adb44a3f607","814737.55839462","No"
"0x4f674cb036f14014bef1ed3648a6c259b9e02562","51288.5541193673","No"
"0x5a9ada83ccd880285241f6672acc98609babfbb5","148214.70833751","No"
"0xcb59324b89efadc87e6001d92c0f9107e9fbbd4d","196045.338823249","No"
"0xe2787e68b8ba5c52586da090397bbeb6397076ba","3438323.25770969","No"
"0x882e86a4742898fc4e98daf9715a008eccd2f969","28672.9986488601","No"
"0x2f6db73e839bf786e70866dc31f18f027ae6db08","1820748.37637809","No"
"0xb39a7ca58050797a7e14fce9dac8cca814fa012f","7194.6","No"
"0x1c6fac0b7cb5c584687e2782068de05459217ef5","427827.907347275","No"
"0x2699a736a23a42e713be8150b800e8b261c678a6","366184.542562335","No"
"0x207a4d92490fe81db630dc04e395db5cb3628b73","104196.618","No"
"0x7490aea1aa02f4c27b857c069bf7b396b90b347b","1121648.25125489","No"
"0x63e05c90390d5c0fa40c37032d234dcb9ed7cc03","103799.924033232","No"
"0x2506b5b1e0b8d81087c22dee7f0b2907c6269432","34563.1861462717","No"
"0xdc8a9c681dd17b3a55b474b3cc31b8bcd57cfa0f","68368.5754605043","No"
"0x559ac0c82464aef7f99c94561783e84f27eeabe6","140654.963851429","No"
"0x75655c4c85030e6e56452b1f169139b68e575ccb","240732.9","No"
"0x544d80bb01186f15dbb209636b5045c3434504a4","7004.95476453813","No"
"0x6c32ad4080157d763b7e8c4f0b92bd5f65cd0a76","138265.030262165","No"
"0x5f35deeb2faac49920a10bc371c5bdc796bc19d0","34520.3770299643","No"
"0x762021e08768c92bf9658a298321cc3b035228cb","206738.619945185","No"
"0x73702af092da88aecedf128f2cefe2a1e80a2b26","115225.518569646","No"
"0x417a1d63de1a12cb7a545e2d3a64fb75041ce44e","683343.857979487","No"
"0x791e75650deb262f5f27a463eaad2a26228e9782","474003.880901352","No"
"0x1d1d0d5d8093be01d14f8e69382a70d82483e742","40445.6147394228","No"
"0x1cb219b90ab66104ce32ce1823a41a0371322e85","133431.615568858","No"
"0x6500fe0bfd6841972f1ae7427c0dbebf54f64acc","897298.576715314","No"
"0x644c1be8457537ea67e4e43b6afe610b3a275519","57710.9712057538","No"
"0x030acd6b652f6164ec7f8dd7c4445459d5b49a8e","66393.9041407988","No"
"0xe08d6ef75edb86fe90bbc4f258570889dd7bb93f","695300.294606092","No"
"0x5f31421d3b05654ed60b47a6a3e8cb2fcf324901","65591.9738637239","No"
"0xfc6962a553caddbb60fa02a8a0a850129a3bffd6","204021.929085909","No"
"0x9adf161e1eda702786c810a0c10763b9b4f648a4","666.171434456697","No"
"0x2a319898594b57ce67071cb03e1f7856f91899f4","31614.978428139","No"
"0x5c183c6cd52d3757dc37fd217794bb56799b5622","317523.615447459","No"
"0xf5342b04cdf893c4aae544e0641bdfa1a73fab30","431197.005019728","No"
"0x71ab381fa77e6ad7d7af19d1276ac92d8f17c37f","1858744.13703377","No"
"0x008c0e72eb5b2bf2f970ef22f5be54b86803c62c","6158.75161204681","No"
"0x10a6eb468aa01877370ccb8965680eab047b5132","60994.5251343638","No"
"0x8f43d1dd65989ead68ffe183563c74d54f57eb50","6096.10866868741","No"
"0xeb806864a35b47ffee9f76c33c40e555e5a68f38","160600.765546935","No"
"0x0f2b0f6a58ca0ebbecb60b139f20b7d286e72dad","882893.178309054","No"
"0xe8fe83725c077e6b7916167186e86f80a357c3e7","524573.1","No"
"0x8c7651b5990646816b0f0279923cca27adce9dc7","59322.1891645296","No"
"0xce0f43120a471407ae3e45b9c574b3b914b94d5f","177513.227819585","No"
"0xd9c593f79621620ee061780f518714c88e310576","0.999999999994338","No"
"0x6635ecb26290fc4bba9517314d32ba8e0758aae1","2679886.31861687","No"
"0xbcb749ae27427072e169d779fa1483ebd7960372","598404.592403026","No"
"0x851161ab895ec4cdcc2492a60332149b02a7d014","119855.902355233","No"
"0x12e6170c4b09605aa4a0e9dca81d7320d08f3d2c","29927.022636333","No"
"0xd5706e9b666c9e6cfee037c02e9fe769187c6c27","298461.694847354","No"
"0x870d1338886ecd5a5254b87edec6bf2b05cd4cc7","103950","No"
"0xada05856c476e033d61c8441360ac6c18376d2a2","46307.0386043588","No"
"0x115a7e3e4e7c1200615f320d681ca56a8acc9a7b","5935.87051847208","No"
"0xf77ec43e08892ff183712e48e2074a0f0ce91143","469571.927056093","No"
"0x3d3c646bb0e5b1ed4e9766034d18b0a2971a1b54","46531.0912727072","No"
"0x73007911c5f2923e3ee284fb951c98fb00b4cecf","2386.28000007751","No"
"0x9b9dfb199b92d6bca14a43b39a3e2e3c9defd6ac","5196.23634666682","No"
"0xba512731e7090cf00e281de0c49a2192fb78d791","12227.5156201772","No"
"0xa15f6cc0327289e0bb728c018341c90bea6f928f","30288.0095256214","No"
"0x52ec26ed8dbd422d5fb03576b6f517b56e33b11b","1001112.59199437","No"
"0xc37956cbcf7a5c35082213dfb655e12b8a495eae","0.3","No"
"0xd1c35622ea3fd7715d6778798fdb6e88f671ef4d","30143.0852418483","No"
"0xe7bdc3f18ace21ff4ec3a18f1f19380891f3b3bf","40409.5357562537","No"
"0xb3ca4676337f680748ab41b96482b2ce351c2e8f","127541.392209264","No"
"0x813ac2aa1fef084a8fc2c33c6e89b224647c0ea9","30035.8811987139","No"
"0x2ca566298b94a59761b225c1be41a5dc0a4c576c","201637.769319606","No"
"0xa8b74c9207f85c649674baab66a0e5d542ff5a85","6039.38630295417","No"
"0x874e81dc3676541bb220ce553b743e21cb1b5889","4500","No"
"0xb32f61482e235dcb659b2829351d8fa1ddcaf06d","53923.0798885655","No"
"0x7a6b61e17411dcec06851a4e38558dba301929f5","6527.403","No"
"0xa2c76ff368ed4a875784341878aeff9baf27a080","10800","No"
"0x0d2db7ad6d4594c26d347e65b816169bbe37c4b9","6234.57803525085","No"
"0x73856f2d2d86e1ff23d05c89dacf0ea8edba3efc","10801.8300198235","No"
"0x4e417fb6c9689f2d54b92466bc98185781e13ad4","57005.1","No"
"0xaf8b4648d671325fc4534eb222f88080f9d10bf5","69273.6516774252","No"
"0x6d9146e3c3da35fd51489d0d94f13ed8176578e1","6923.3319678182","No"
"0x55dc2d694865dd93216b2514331e22f8be33ca27","7558.87545082632","No"
"0x8af492b6ad313bddee8694d9d3be7b9b2777ffb0","53966.0664640605","No"
"0xa44c19972ff1598ab6876a9ab48fbd5941179aa4","69128.1199484536","No"
"0x6c0086dc8af490ae752447ec57bb2706b30df222","6217.94515282646","No"
"0x7649b7dfb998ac80cc811493edc19fe9ee2a7e1d","152868.572618493","No"
"0xebdbac5034014d7f5cfe0f2ef3f8fb7927eb213d","22261.7429958966","No"
"0x24f6ec6ffc745d74814b4c5c8d0521f61b95186b","86589.9","No"
"0x3fc219ca4eb04f0c69102fab9023cb0b6e62e2a8","900","No"
"0x37531d5cb1b28104ff8abb892131a8065175b2cc","20594.8498518673","No"
"0xf65df4b376eba678ac3afa72849a6746f949a9dc","96272.3769070028","No"
"0xe0f3a4eb54661b477571395e3706f2e7ba65b79c","27624.292771341","No"
"0xd0d6be57ba34d2c3dc8ab350ffb42c9d8341ea43","319703.909717767","No"
"0xab66efe6357bd243d5b61688391a7f0c0997d272","219175.589780698","No"
"0xdffc033f3867765a124b4bbbfe79711d4370aa03","35763.4909884318","No"
"0x8721ef96aef004a23cce418be1defc464990b4a9","332806.255327249","No"
"0x08a541d4e8b8befeabeb3db9e323db8d9489d02e","3809067.40905504","No"
"0x234e1f1bce2d3cd37e5d8f9ebe7d64b278db883c","40684.3388735102","No"
"0x797fa590b73ad1295fd8f0c6666d4c45925e3371","403613.599101788","No"
"0xad02cff24091d2e39026a06e4e7200a9c0183c5c","33754.2050759218","No"
"0xab7ea1d070328757d8ca1d9bc97e9d3b1bc54146","72097.5714537845","No"
"0xdf4b3ce7b6d3025fb20300f642d78ca25b3827bf","30506.2009930325","No"
"0x1ec60dcee26f09e078ea815aced3d6ed9c6374f7","27000","No"
"0x30bf02aa32255c73910a8120b4cc28d7a82295c9","19336.9709318303","No"
"0x8fd447b42c4dbd4a06bb3863676f700b2ef4733d","21348.467167557","No"
"0xef7050f0704987769754089bec7d746631aa7bb2","11700","No"
"0x51731a8a593e952d01f7cbbfd23bdaedda68ea6f","4239.69143853611","No"
"0x0e209fa38e5151ba09eebcd9159c8ea004057faf","66954.3682880375","No"
"0x7ecb0b6f1fe3b8607ba07cd73ef15625dc66cfae","192160.818","No"
"0xe5acd938e427861593a63ca931d53d1f1a2634e7","5769","No"
"0xbd588a08eaba94952e296b56a9175cd5a32fddc5","450000","No"
"0x2d95142fe9949497ec021b2c7c4e65a20ff8a904","548684.728364375","No"
"0x752bc4465b8b62b7470eb261cc7e14ec60ee2d47","43728.4438005579","No"
"0xb8a45eb9a4145ce5396f272c7a59d87bab7a0809","41951.5349678643","No"
"0xe6cd922214f7a6c1b097be9dc1113e2c3dd6fea4","87624.3848743294","No"
"0xe3c6ea4da38662291340454eff09d24d8dd277ad","18523.3670313064","No"
"0x561c45a344437037cb10649edb1d65fea3b77748","9000","No"
"0x116a3f9e4c5d4c9177c50789352355e5337486f7","128006.1","No"
"0x499dd27de26a79a59b65708e71f6d6a6a225d754","216001.8","No"
"0xaf760085776c8a50ad03473012f9b2315b5482f0","392643.161706201","No"
"0x80dc6c75b4038ac11a1517fcc0d60801a95de5a2","128312.335906404","No"
"0x50636e6330cac68062a457fb07e4760e80e27524","8225.23433429056","No"
"0x2f785754e712887d9a36cb000c7efbfd7b345d22","411939.9","No"
"0xc34f1365c769f25022dce361034edbc7230544c5","57220.2463059606","No"
"0x34b10aa4ca10619f486fb8fe3b1e2549ff149293","7353.56408728167","No"
"0x539a2649cd1adfe632c9df4105625344a61cfe33","327592.220942137","No"
"0x7da04b9f9f9d78d1e302b781fcc3d5875dcbba07","56700","No"
"0x4a1c2a063650b4a70c5b32771a22a1083839e476","24350.2586041267","No"
"0x11688ccc51db1e210861e70700d774b923f0420f","81107.5368018845","No"
"0x24590b2142390d7145fee4aa01c71194ebb25dec","77967.9","No"
"0x76b8a2ca2eb89436e938a3b766d4c6a4f91a36fb","12122.2501794408","No"
"0x5df4825c318b42fa824ccdb35b8992901f14f408","16136.1784758718","No"
"0x680c885c556441cd5303c0e0f6efe68d4d854470","32077.680603499","No"
"0xb800b2cec8ca9af2656525d111f67258421b93cf","170569.632915335","No"
"0xfba001c8da05a0dfaa83514f2ba95d354a1a74be","36842.5130001501","No"
"0x22d5ddbfb0b182a170df6e3b194fc79e0dbf8c66","133316.097406917","No"
"0xa8a91217640ec5c2f0e0a3c6c34683d9cd7b6e22","78398.0671223926","No"
"0x59e43d966da6c8f2628bc5362e73105355a09645","78310.4144141529","No"
"0x1de0181516c6061f9efc72613fc643f6917a26c5","177456.324727111","No"
"0x80cfa302e2bacfbbaaadc2b536b5cb2244fb13da","25470.3290028876","No"
"0xdd7373f7a16754f88833391779a81cc3293bfd37","121076.786115281","No"
"0xa7975ce07a62a96a2aecc163367d833b8a3daaf9","900","No"
"0x8f58f1b3df3e5c88a0e3c64eb5cb487933334934","13500","No"
"0xff6670a6715f77cc428648a60c07fa6305705a48","13935.7913295012","No"
"0x8e315bc37952cfee9e80b916a9abc285c6dd84de","61065.9394510883","No"
"0x0b06c1342d36a31e69009bc9e9972d787a081804","7621.63564105547","No"
"0xacf452d2697c8a04ac31cf7a6d4488a8b243e89b","72000","No"
"0x91ad07c525bba66de520081478bdfe28e14dcdf2","236682.689032923","No"
"0x0b72e8a34bf3bb06eca6db0e13becca9350e697e","152405.823090956","No"
"0x638ea82ef17bb7cf3c6848e783e4857e29241054","8342.02899744051","No"
"0x8dde516b5979c0417d5f45e060271eefd22fcf5f","19103.7378053128","No"
"0xc9cff0841239f563ca63137104be08f3c97a2e87","7000.80195832273","No"
"0xa2b5e00e6066f7e7f2aa4068f06bc1c07c39418b","0.439461267686581","No"
"0x3ba9ffe44258935b9dee29e60ee6c7bb3b446ee9","16976.341004556","No"
"0x07e3ffdd3dd3d99d14f3e9eb6edfa9c13d771a69","76507.3129310227","No"
"0xa5db59c3e3560fea62d7cbeb1a0cc11e14bd7ce5","234579.027476989","No"
"0x99b0c47393eb1b2fd1bb76a9cced857807f38589","76164.2448069448","No"
"0xd6711b9d581a1e9fdb24de5c60e0ac4339d878ef","30578.49","No"
"0xb196a1cc38cd30092f3daec62b653647a1153819","61497.8232639947","No"
"0xac1a304028b1ce6b60f233f0fbd05744154cd638","5363.34499535796","No"
"0x1caced6922f55cfe9e41c8d64a435007b14ecb34","22500","No"
"0xb518788bfb0d35311dd07f5d1f38102531163834","23770.987698838","No"
"0xf06d49619a955adf7419ecaeda3b1c02ab659381","407525.389552152","No"
"0x0cf789a4b76860f530e52a1f45a5e9d458f6c2c6","112674.230397007","No"
"0xe4494183fb45d08d37a79708da334432f520016a","22512.4915288726","No"
"0x70bae74bb7c5317631d615736e2a621d5859783f","66556.0044933095","No"
"0xc8b0982ed0891a853ddf0e901986f40bb7de785c","185251.265777458","No"
"0x38137210b456a287712bedef59a56ad0bb2fec23","10979.5182839755","No"
"0x699c07ccb44be807807e05117ee900503b96452f","7318.690535568","No"
"0xf685fa101e09bab7f9b61208decbf73e070f6900","183063.93008864","No"
"0x4059a314f0e1ca3f62d93bddbf9536c896247887","21892.0800698296","No"
"0x3624a02567417101ef3fbe51c159d5920edac716","22646.127304597","No"
"0x736ad62d54f7bd263fd9c7b3f9a18eaa8183a3a1","7298.13061054476","No"
"0x450d457986d62632af37318e52dde7c26b0ed67b","727830","No"
"0x18ec1def5a952b353b0792a2e3781d1f827f185c","107915.514957464","No"
"0x410e00d3546e6324ab34045229bf6fd03a5893f0","14593.59","No"
"0xfbecad3eb356ffcf8f447e4b3634b12ad9ed881a","72367.3918940433","No"
"0x2ed1d1a2a78bf2edd7df322892ad7e53078bd090","10662.4934661248","No"
"0x1e87c5fa70142e14ee2df12232ff7dcdb0e3bdda","224323.633671874","No"
"0x3d0af7372ab7ede120e5a0fc73e02781c156990c","21535.3756437582","No"
"0xe416c5fd6d22d6fa0d415f0380508464502942c5","784894.709025952","No"
"0xbb4c1db5e49e413b26fb1bc1114edfb9082884b9","4230","No"
"0x934dd7aad502a4a1c38f1b0d5d0b9fd2fffc5919","72382.9666494762","No"
"0x31ce41934f601adab03af1c57af6738e180e50cc","705463.277416966","No"
"0x564769708a2e4005292899664f7fd2823030324e","13925.4578126574","No"
"0x90d1595b66b0f8cde24d179e1f629e69168f8580","164526.839238034","No"
"0x72ef3d24b49d13005185fb236927f111d9eeac21","166730.098211707","No"
"0xe677166c9ba06b4dc06b819a694f69d0aa345a71","38149.7180083466","No"
"0x407eed7d330c1b524cafb889781a3bd964c16570","33276.2862486418","No"
"0x6c7f5fcac6918bb4c999ef834a06e95babecedef","74464.2","No"
"0x3bbe86fb733766caca6874abe8529eb1e8fe3891","27174.9466309732","No"
"0x217e256ba7fd4940015f3a54e3dab509632bc627","23634.2632275568","No"
"0xdf25c9f5872888cfd0b3890a41312adb84f1f1f0","20847.817846027","No"
"0xdebac5239b66f8089dc2ed365cdf01b76a75c262","35999.1","No"
"0x035d53420be56381b428c63d957ec64b1f814fb7","13464","No"
"0x2879604876fbc0808635bb4ba79fc2c949d5522c","19777.7919072154","No"
"0xde2b07bb31f72f0bd7ebcb3cb97db9552083f991","200903.522080422","No"
"0xc1414815536ec55ef08b889cba373f31cef8c097","3285.42974696964","No"
"0xb167df88548ef6bd90a01c3446a8013e118cfc75","20405.6839490015","No"
"0x911582039d2a6c092302c106eca4bcb023a1625f","4500","No"
"0xad31e5da56cf0f4b73568dc14f7bf025e2214592","243500.839725273","No"
"0xa7ed6502be4c8cb6a5643455eb635c6da2c5b27d","919727.326906162","No"
"0xc88ba2e84c8101aec2e3663d46e69857ab3607c1","9810","No"
"0x57262fd3d80aa6472551ab797ffb3aa1738b32a6","64170.9","No"
"0xed80db003fda7f46f7d031522d06484ce152b5f8","149642.727622732","No"
"0x42af83ed3f5dfadbe0ffa004f1360689ff51de76","0.102865172669606","No"
"0x996d976a235387f913dca3d308bdfeeffc878c8d","6395.4349593532","No"
"0xef45e1d61ef141f5ef4167425141b01ab9f2d4cd","95854.2629683111","No"
"0x5b1085e9e74fb889f61d48a62bbe3240f2b21dcd","163149.483024737","No"
"0x0f490343d9dd01ea6886273b940beb05b2433b86","151032.69","No"
"0x87f7ab91b848468e4e3503aa82bb9078b1e3bc59","13016.79","No"
"0xfde30b7b759a26179fa043d31f7fa0d578267e4b","13499.0495703017","No"
"0x4e46ca5e30118409027f7e1930149b9e56875491","49813.2","No"
"0x6fcddbebe04bab52af5d9c4058045cf7a8326aa7","37962.9254841101","No"
"0xa02a0bcafa06070e7f61c0e266bf35a1182a98b5","86427","No"
"0xce02fc7c285313a6138dc6a4d155aa222ecc69a4","670802.22623892","No"
"0x4c75abc5b584c68ba85b2b3c0a7c3afccc13906c","6673.11949739291","No"
"0x075837578ee0dc796f036a9e0fed769b7b13155d","272469.329063271","No"
"0x5d2640cb1ca99894e7b7533e08920f99acdc7ea1","31656.06","No"
"0x59b9b30ae879ecc7107f2dc27f0337febe9fca36","6989.05464994508","No"
"0xda2555f7757bc562b46acd6c25a5c108f6f47c62","23344.83","No"
"0x2d937e4f45865fefed98023afda0f50d7976b63f","141611.721132775","No"
"0x1c0c78632d53252326b7516e116270e85d452d5c","27409.0998123343","No"
"0xedde658d36213ee253bdb5cf68746c8e9c2d3bfb","3542.38768921389","No"
"0x1f46536205a0c76d7f25d66d81bc22c1378b3ce0","162886.457946949","No"
"0x86383f011a4574efe3affc28d8ac574a1d73cd7c","34312.9215911013","No"
"0x05398639c20cf677aecac439599aab48cd678cbf","160566.27291017","No"
"0x7717f514b0628039d2841294682f7202f18e3964","22155.0673722293","No"
"0xef087e8b6ab88b6d076b855a8484db72b90c1993","52598.9156598497","No"
"0x8b2a4d26a8431dd950d795be97eb66003d3388d2","12616.260394188","No"
"0x7346c0b2fb8792df60efc1b061db355b1ad0be96","59002.8163836494","No"
"0x487e1d136d5e46e72fd77d1b04aad956fa4a9f86","235883.671663157","No"
"0xdcbc96c09fd838ed26bfea9debb01a4f57418048","11736.2268478101","No"
"0x67cbdebf8ed134e2d912f7b757719b9856de85a2","13230.4161609594","No"
"0x2fce5ae2fd74e59a5518cfd15dbf40c38bfb21ec","114530.227484243","No"
"0xf0f4f5f1ac08b6bfbdc3f4c47984ccaa5f57d50f","111901.606346909","No"
"0x1ca8fa05042dd8c571f7923330f60920e7550c04","13454.804618932","No"
"0x9cf6340f4cb11f55c44e76bce281e626ead108e9","9912161.64040067","No"
"0x92faa20d9c0c909aa1fcaf0b77ad163f22ad9b9d","35020.2974346525","No"
"0x2c0d28be7056a3216dcd5aa537e038e095848fdd","9000","No"
"0x20b9e8d65f188704fb2830d31ef13e69015b1a29","4199.30691096056","No"
"0x42d542c6fe676d2d56292f8c1195b0a18482d156","5400","No"
"0xefbbf58493cc972d84adb3179535e3bde0eb1061","9312.43156716895","No"
"0xc7c7b81b51ca6e561721169d97c3ce926fe98f95","78607.4382884293","No"
"0xb4eb70207787cf723770a69c94fc800d3b13e5a7","13998.6206689863","No"
"0x4e01cc1101dee37881ad84b6d5d1a06975280934","3192568.02352753","No"
"0xedd2dc1b60872c57e46d662508fe871ea76dee64","2768.92787552529","No"
"0xe084e8e56e88dbc27e5eccefdb8ed440d27f6f7f","45000","No"
"0x4e19a67b35e427db35354aac082610f2eaeb49e7","14759.4985540932","No"
"0xc1be0618ccf452209c94194856beca63b97abb42","1840787.073","No"
"0xa9b0e19e4c4efc11439811b8afa413b338488ec6","4832.51623488224","No"
"0x1bd0f60289664b15002ba311037af65d4db0d647","10448.122310998","No"
"0xf86a499b2dd1f69edb7a98a342ba7a4ff34cc9cb","72098.0289785187","No"
"0x049dbc55feb52d004c41f18c601884311a163889","10467.9025270481","No"
"0x2519df27399bc51e636970c1838de617463f7036","32085.9","No"
"0xebff5107703f2adc0252e5d424b8a0ab04459db2","1454.3527335366","No"
"0xdd6486b7934d880d8c39d1f105dd27287da7f4b2","92199.3318789295","No"
"0x0c4516de4b4a721e0c0fbd4bdcec8c41b617031e","220773.48097415","No"
"0x76cf4bd0242ad89ca686299230acb7ad62a660c8","14947.7025364452","No"
"0xa32416271737fdc218b74ab9e6e6803ad7793690","372644.482511551","No"
"0xd40ffa0f983e98ddce9bdb7ffdff8aea34ec8f2e","13884.7018015584","No"
"0xb17679e2ed3843645d2b4afb99b8e6f70d3d3b9f","147036.251359053","No"
"0x5cc87147037101a7a328f70349aee6b929852d39","73433.4109258532","No"
"0x1f956445ddfe30e824c88289311affd07b74a435","5893.11","No"
"0x2e62b8b4e65a8bd0f2c1f86773dc3a8e0426f3bf","2340602.47682185","No"
"0x662884d739912cbd95ca739359d45e303eb3f7e5","675878.785229986","No"
"0x563387a57ca002f117cb3ba351b30b31fed6eecf","436930.163834012","No"
"0x2a848281146c451371d51f62569a01d14749bff7","15037.8594501648","No"
"0x6b127437cbfac0a1abc05964c628262d973e9298","31350.9089673149","No"
"0x1950012085c847937d99bc8e1ebc85b17c913971","66036.6","No"
"0x4d9fc9c647474987098665bcfd07c239bc1a2279","1538413.4533502","No"
"0x2f9212e113b1ed4f2b698535376ab756a64ae383","754065.9","No"
"0xbc3ff881e4c4c339a4e035337d24d923907b6b8f","26600.143952331","No"
"0xfc6b05e1591d766b138afb0af9f433221e02a159","180893.157693796","No"
"0x8a76b10b30649bc0f4f5b530543290b9fd69338c","94028.7992486392","No"
"0x2f9b81275623c067feaac04205ecbd0f189d0779","49903.2001211795","No"
"0x76cc60815f83c070afe011e752ad4230af4db8ae","383929.503028179","No"
"0xc805ee6dfeb0eb64f8cb0c9ead2f5947d32cb5fb","49105.6481575461","No"
"0x367691a8ba1e686ce09546309fc9bbe67da19617","287900.611757152","No"
"0x054ddca230b84dc075129d1f073bda5a0c28b996","120929.715977702","No"
"0x30704d84752082baa12f3a1681131787e8fe9244","26502.4894226862","No"
"0x30833521c380d77f46a6692f3048f036e7080caa","421200","No"
"0x8e7c8ced1b0557088dc6ca1c5673d37382ca5ce4","306791.30633306","No"
"0x71b04aeea5beda8128a6c486527148c3097a2056","121310.503588424","No"
"0x2518b9a0086d8e15a3db177d0cf04c3b090aa474","37486.5281792548","No"
"0xb2734bbe78217826c1b2c694a93f65bdab4af659","2357472.05797386","No"
"0x7a8349ea7d75bbbd25e7e9891858e07aed304979","27019.8","No"
"0xa71c5e3ae4e5b7ba326bcc7dc10cfd92e7c8bdac","67906.9700816659","No"
"0xdad3c007aee23610b37e79330c6b7df7dd4a89b9","72264.1228442783","No"
"0x4160ac0d90cb754021959dac6107c41ce31b717e","7240.37087890603","No"
"0x6e85864deedb756963eb0e3a5b3a0bd1f156b0c1","4923223.27965465","No"
"0x9ced31f4fffb32f7139ede5e9fe13b4ebfc81bce","261549.9","No"
"0xb9d8dfc7a9dc3420f9696c4f14df6cc9f0f84739","64353.8594458479","No"
"0x41e71501f558f0e0b562f6885c9c1fe43e483f8c","117000","No"
"0x8e38ca3d24c0e0260ca03ebab1911196879251ef","319449.6","No"
"0x4e8c6a9b9c36b79489d372850e51c20d7e4fdc2c","900","No"
"0x65a476387b137379853a5f2a4ae79648a2b2b593","63698.1721292752","No"
"0x7267c69e2ab29d319fcf1148d96243826aa58bbd","108034.005430179","No"
"0x48a5b1d3f8f05011f531496874ace07c754a9e2f","99000","No"
"0x73c5c9de2c8a30c39df8090170d8186558898b70","12805.2684662864","No"
"0x0d481b44c8b66ce7fe11a9b610a5f223ce892d96","5084988.3","No"
"0x2a4e0816d3ce1e61a84cea798a28580626a60b08","175216.176421573","No"
"0xb7eedff4eddd3a7c832ca1bc47321b321037e7b2","430056.504724979","No"
"0xc13e05fa9db200562985af2028dab73414d01a6d","54395.2998091053","No"
"0x8ce0142a577f66bb050cb8d12693013a9224de5b","19432.9714901956","No"
"0xa297f0c7e8d68f843e18b7019bb123c25119fd0c","249408.061238827","No"
"0xf1ed7b746424c325ad3f30a865b24ac609f6c08f","121516.789209907","No"
"0x12f46204308691cc371988524a3fbda0479716f5","100156.89742363","No"
"0x0820605e8867b43a28b59f83bff456935f29929d","188395.644653022","No"
"0x33cde36798f8f9fc78f30ef90d5365f45d46fa47","30019.2835748083","No"
"0x5c42e690808eb92bf3acb1c60b380fd7ae43f9e8","12122.5477061551","No"
"0xf7ae2664f5494378a984764ca0a3dd00da04f4fe","210743.631791173","No"
"0x6a7576e534f72efe0b6671a54e89b7e540ee05b3","2337459.3","No"
"0x146ecd6a9ecf50faa3c7cf5f26086b80a0eb2be5","56241.3948714419","No"
"0xfafc57d2f87ce04220dd1f5313a5b34715dcb25d","5600.54620266364","No"
"0x125e577f580857d7af995d20104c6c7b96a3274d","55944.9","No"
"0xe95a8b2c59dc8637f1e2ef42181749745038e868","900","No"
"0x396c5e01a9fc14f0a818a33f3be076c81fc4736a","12514.6477221856","No"
"0x7115838715c15b09d39082776edf92bca668d66f","4013.87530452317","No"
"0x460a34230f1295ecab31412b49ff081f34ad913f","18000","No"
"0xc704695d0f7857d328e0218f7692bad78f2ce7f5","313278.821886767","No"
"0xf24c903120cc7af4154f17c513b0af5b8abfe8b9","85852.8246167623","No"
"0x65e4f20a7a45dae9385faadffc9d36c5f5153cb6","4500","No"
"0xa29ec484a2fd7fdd7c949fff488875815e17e36f","3132.05534842529","No"
"0x03e00c19ceb03c1945555010b5908285180f630c","48022.2","No"
"0xe416056cd14194b2c06d692aef04fe64a28cef68","155321.321209347","No"
"0x3ebd5136ee2ed1b41bef3822013a02f9d53581a6","18822.286957005","No"
"0xd7333065dd7f1052f202a39b16b9e32ee3beebef","41548.4806875265","No"
"0x6e67270fa9b28cd030adf941748fceb6825b9ffd","61187.0084860971","No"
"0x5e1d0a691b03cd8e53cccc48cce13e6fa8afc0f0","67159.3004368714","No"
"0x238932ec4033803672c14a7bd26289b89fc9d3c5","67085.472516971","No"
"0xd980a64e81a99e21832b675596c4694410e21ce8","40559.4982856986","No"
"0xdc830eff50d2a56c223fb57c1e1f3be2b8283965","2499821.67171721","No"
"0xd39703883cb341262904b07babcf57f71292cd62","19337.211686402","No"
"0x2554b5a929965924ffd9cf158da7094705b19a4e","39015","No"
"0x26f97671b8b7eb6e52214823669ee9735ae33bd0","18999.9","No"
"0xbe9dfcfc8b9cf23c5872ccd54ef5e3675e2fc738","160765.780032413","No"
"0x9afcb2804045b8dcf04ea1ccd67d66434adaea9f","108764.81905794","No"
"0x851d1c99887d299c3f9861403bede316633dc8d2","12819.8608427331","No"
"0xd7f749d0c8c95ee786e64416555d2fea7e4f5c6c","3845.46107013699","No"
"0x03c9218eeb1141747c8feda46caa274b18db9088","20505.2572734183","No"
"0x43d107b34494682ee0e82a418d414f0563255ad9","65862.5196203201","No"
"0xd7aa178bb566c614d75b3aa0e64ab90c2feff80d","182765.464578803","No"
"0x23827446a219cfa10cb6a62e8f4eaee4b6f561e1","63722.7755912862","No"
"0xb49f84812b1e1c9d1b92de47ea5d89b8189b77ae","11184.6975178662","No"
"0x9b953cf79f0974d68c747140a83d7aa42415c2b9","130500","No"
"0x949e29e17ba0943a8c80da7d095d94233d9a3b07","260777.167773667","No"
"0x9d67cab5d0eff4187be4fb0ee1a91c0e9b59d9f2","1700000","No"
"0x3e1ecaebc68bc66b22b12d066616938faf5302cb","86508.3887647335","No"
"0xfc5f50da67de3d588a39cf15b55ad39242cf645d","34142.1771117178","No"
"0x40f7f8acefea0501b93a7b124e7d09eb50c5ae0f","19440.3523528181","No"
"0xeded85db6e0016b22c79bcf6bf7de659a4debf48","215000","No"
"0x30c07ed144de19c1f0d314d7de2657f1b3548d50","30493.8010131952","No"
"0x2543be45b4152e2bf481bb7c1fab947822373b32","257654.97097635","No"
"0x31c38bcfb6b5948f2fa0b2e63f8c121fa1520061","301889.096334751","No"
"0x9dbc413f8a3a18390dd5eb9944c73b9ede1282f9","7724.46520221581","No"
"0x0ba68fadcc8c34ba7bd3b5ce0cdb4d60fe077512","82740.8435400834","No"
"0x845a34697c468c3ef1120ccca3b4b7739a8957cd","146556","No"
"0x245f4c5bc5429b7fddc7617d4b614748e320f24d","31890.1636454112","No"
"0xc2c097ee96b26736511fe61623c28f2d42d19396","15939.9","No"
"0xc0b8229372f5904dd5197bfc0a990332e9d03db0","13060.7305151876","No"
"0xa28596b8f7dad7e580798ad60b89dd5fed5c2101","191334.833279485","No"
"0xfcdd568f0ad2d937fbecfc05954228ac2650825d","90000","No"
"0x035b2695826a813930e5edcd05f8fba33f020a11","26362.8","No"
"0x52393bc006ad1480e84cbdc9bfd25c6bda02fc0a","9","No"
"0x4a00f8f5e2c94167c424ea2303d800face3cb968","58598.8138045344","No"
"0x12343a6fd06182aa0f81afb62548187bfe5db410","6300","No"
"0x7c2282375a508038ebf6236ebcb61a8149fc4ce9","9900","No"
"0x229750f3e2a4da655ca26d5f6e40daadf4375880","52423.1831420035","No"
"0xc8b7c52d62bb591d4df072299350d6bbb6ff92f4","701034.5","No"
"0x202c1ee997b50103a2f1b00c853aadebb9e26ce4","124599.070135933","No"
"0x4d8e7037a3810cf67a84b15aa3a2f54f7ed758c0","165422.426065015","No"
"0x157a89c63a4ff307318cf85d6854800a6356f0fb","12247.6217978457","No"
